Intel® Product Specification Comparison,,,,,,,,,,,,,,,,,,,,,,,,,,,,,,,,,,,,,,,,,,,,,,,,,,,,,,,,,,,,,,,,,,,,,,,,,,,,,,,,,,,,,,
,,,,,,,,,,,,,,,,,,,,,,,,,,,,,,,,,,,,,,,,,,,,,,,,,,,,,,,,,,,,,,,,,,,,,,,,,,,,,,,,,,,,,,
Product Collection,Intel® Xeon® Scalable Processors,Intel® Xeon® Scalable Processors,Intel® Xeon® Scalable Processors,Intel® Xeon® Scalable Processors,Intel® Xeon® Scalable Processors,Intel® Xeon® Scalable Processors,Intel® Xeon® Scalable Processors,Intel® Xeon® Scalable Processors,Intel® Xeon® Scalable Processors,Intel® Xeon® Scalable Processors,Intel® Xeon® Scalable Processors,Intel® Xeon® Scalable Processors,2nd Generation Intel® Xeon® Scalable Processors,2nd Generation Intel® Xeon® Scalable Processors,2nd Generation Intel® Xeon® Scalable Processors,2nd Generation Intel® Xeon® Scalable Processors,2nd Generation Intel® Xeon® Scalable Processors,2nd Generation Intel® Xeon® Scalable Processors,2nd Generation Intel® Xeon® Scalable Processors,2nd Generation Intel® Xeon® Scalable Processors,2nd Generation Intel® Xeon® Scalable Processors,2nd Generation Intel® Xeon® Scalable Processors,2nd Generation Intel® Xeon® Scalable Processors,2nd Generation Intel® Xeon® Scalable Processors,2nd Generation Intel® Xeon® Scalable Processors,2nd Generation Intel® Xeon® Scalable Processors,2nd Generation Intel® Xeon® Scalable Processors,2nd Generation Intel® Xeon® Scalable Processors,2nd Generation Intel® Xeon® Scalable Processors,2nd Generation Intel® Xeon® Scalable Processors,2nd Generation Intel® Xeon® Scalable Processors,2nd Generation Intel® Xeon® Scalable Processors,2nd Generation Intel® Xeon® Scalable Processors,2nd Generation Intel® Xeon® Scalable Processors,2nd Generation Intel® Xeon® Scalable Processors,2nd Generation Intel® Xeon® Scalable Processors,2nd Generation Intel® Xeon® Scalable Processors,2nd Generation Intel® Xeon® Scalable Processors,3rd Generation Intel® Xeon® Scalable Processors,3rd Generation Intel® Xeon® Scalable Processors,3rd Generation Intel® Xeon® Scalable Processors,3rd Generation Intel® Xeon® Scalable Processors,3rd Generation Intel® Xeon® Scalable Processors,3rd Generation Intel® Xeon® Scalable Processors,3rd Generation Intel® Xeon® Scalable Processors,3rd Generation Intel® Xeon® Scalable Processors,3rd Generation Intel® Xeon® Scalable Processors,3rd Generation Intel® Xeon® Scalable Processors,3rd Generation Intel® Xeon® Scalable Processors,3rd Generation Intel® Xeon® Scalable Processors,3rd Generation Intel® Xeon® Scalable Processors,3rd Generation Intel® Xeon® Scalable Processors,3rd Generation Intel® Xeon® Scalable Processors,3rd Generation Intel® Xeon® Scalable Processors,3rd Generation Intel® Xeon® Scalable Processors,3rd Generation Intel® Xeon® Scalable Processors,3rd Generation Intel® Xeon® Scalable Processors,3rd Generation Intel® Xeon® Scalable Processors,3rd Generation Intel® Xeon® Scalable Processors,3rd Generation Intel® Xeon® Scalable Processors,3rd Generation Intel® Xeon® Scalable Processors,3rd Generation Intel® Xeon® Scalable Processors,3rd Generation Intel® Xeon® Scalable Processors,3rd Generation Intel® Xeon® Scalable Processors,3rd Generation Intel® Xeon® Scalable Processors,3rd Generation Intel® Xeon® Scalable Processors,3rd Generation Intel® Xeon® Scalable Processors,3rd Generation Intel® Xeon® Scalable Processors,3rd Generation Intel® Xeon® Scalable Processors,3rd Generation Intel® Xeon® Scalable Processors,3rd Generation Intel® Xeon® Scalable Processors,3rd Generation Intel® Xeon® Scalable Processors,3rd Generation Intel® Xeon® Scalable Processors,3rd Generation Intel® Xeon® Scalable Processors,3rd Generation Intel® Xeon® Scalable Processors,3rd Generation Intel® Xeon® Scalable Processors,3rd Generation Intel® Xeon® Scalable Processors,3rd Generation Intel® Xeon® Scalable Processors,3rd Generation Intel® Xeon® Scalable Processors,3rd Generation Intel® Xeon® Scalable Processors,3rd Generation Intel® Xeon® Scalable Processors,3rd Generation Intel® Xeon® Scalable Processors,3rd Generation Intel® Xeon® Scalable Processors,3rd Generation Intel® Xeon® Scalable Processors,3rd Generation Intel® Xeon® Scalable Processors,3rd Generation Intel® Xeon® Scalable Processors
Vertical Segment,Server,Server,Server,Server,Server,Server,Server,Server,Server,Server,Server,Server,Server,Server,Server,Server,Server,Server,Server,Server,Server,Server,Server,Server,Server,Server,Server,Server,Server,Server,Server,Server,Server,Server,Server,Server,Server,Server,Server,Server,Server,Server,Server,Server,Server,Server,Server,Server,Server,Server,Server,Server,Server,Server,Server,Server,Server,Server,Server,Server,Server,Server,Server,Server,Server,Server,Server,Server,Server,Server,Server,Server,Server,Server,Server,Server,Server,Server,Server,Server,Server,Server,Server,Server,Server,Server
Processor Number,8180,8153,8156,8158,8160,8164,8168,8170,8176,8160T,8160F,8176F,8253,8256,8276,8280L,8260,8276L,8260L,8280,8260Y,8268,8270,4209T,4210,4214,4215,4208,4216,4214Y,9242,9282,9221,9222,4210R,4214R,4210T,4215R,5318H,8380H,6328H,8360H,5320H,6330H,8353H,8354H,6348H,8376H,8356H,8376HL,8380HL,6328HL,8360HL,8358,8352Y,6338,6330N,8380,8351N,8368Q,8352S,8358P,8352V,8368,6348,6346,6330,8360Y,6354,6314U,6338N,5318Y,5317,6334,6326,6342,6338T,5318S,6336Y,5318N,6312U,5320T,5320,5315Y,8352M,8362
Status,Launched,Launched,Launched,Launched,Launched,Launched,Launched,Launched,Launched,Launched,Launched,Launched,Launched,Launched,Launched,Launched,Launched,Launched,Launched,Launched,Launched,Launched,Launched,Launched,Launched,Launched,Launched,Launched,Launched,Launched,Launched,Launched,Launched,Launched,Launched,Launched,Launched,Launched,Launched,Launched,Launched,Launched,Launched,Launched,Launched,Launched,Launched,Launched,Launched,Launched,Launched,Launched,Launched,Launched,Launched,Launched,Launched,Launched,Launched,Launched,Launched,Launched,Launched,Launched,Launched,Launched,Launched,Launched,Launched,Launched,Launched,Launched,Launched,Launched,Launched,Launched,Launched,Launched,Launched,Launched,Launched,Launched,Launched,Launched,Launched,Launched
Launch Date,Q3'17,Q3'17,Q3'17,Q3'17,Q3'17,Q3'17,Q3'17,Q3'17,Q3'17,Q3'17,Q3'17,Q3'17,Q2'19,Q2'19,Q2'19,Q2'19,Q2'19,Q2'19,Q2'19,Q2'19,Q2'19,Q2'19,Q2'19,Q2'19,Q2'19,Q2'19,Q2'19,Q2'19,Q2'19,Q2'19,Q2'19,Q2'19,Q3'19,Q3'19,Q1'20,Q1'20,Q1'20,Q1'20,Q2'20,Q2'20,Q2'20,Q3'20,Q2'20,Q3'20,Q2'20,Q2'20,Q2'20,Q2'20,Q3'20,Q2'20,Q2'20,Q2'20,Q3'20,Q2'21,Q2'21,Q2'21,Q2'21,Q2'21,Q2'21,Q2'21,Q2'21,Q2'21,Q2'21,Q2'21,Q2'21,Q2'21,Q2'21,Q2'21,Q2'21,Q2'21,Q2'21,Q2'21,Q2'21,Q2'21,Q2'21,Q2'21,Q2'21,Q2'21,Q2'21,Q2'21,Q2'21,Q2'21,Q2'21,Q2'21,Q2'21,Q2'21
Lithography,14 nm,14 nm,14 nm,14 nm,14 nm,14 nm,14 nm,14 nm,14 nm,14 nm,14 nm,14 nm,14 nm,14 nm,14 nm,14 nm,14 nm,14 nm,14 nm,14 nm,14 nm,14 nm,14 nm,14 nm,14 nm,14 nm,14 nm,14 nm,14 nm,14 nm,14 nm,14 nm,14 nm,14 nm,14 nm,14 nm,14 nm,14 nm,14 nm,14 nm,14 nm,14 nm,14 nm,14 nm,14 nm,14 nm,14 nm,14 nm,14 nm,14 nm,14 nm,14 nm,14 nm,10 nm,10 nm,10 nm,10 nm,10 nm,10 nm,10 nm,10 nm,10 nm,10 nm,10 nm,10 nm,10 nm,10 nm,10 nm,10 nm,10 nm,10 nm,10 nm,10 nm,10 nm,10 nm,10 nm,10 nm,10 nm,10 nm,10 nm,10 nm,10 nm,10 nm,10 nm,10 nm,10 nm
Use Conditions,,,,,,,,,,Communications Commercial Temp,,,,,,,,,,,,,,Communications Commercial Temp,Server/Enterprise,Server/Enterprise,Server/Enterprise,,Server/Enterprise,,,,,,,,,,,,,,,,,,,,,,,,,,,,,,,,,,,,,,,,,,,,,,,,,,,,,,,,,
,,,,,,,,,,,,,,,,,,,,,,,,,,,,,,,,,,,,,,,,,,,,,,,,,,,,,,,,,,,,,,,,,,,,,,,,,,,,,,,,,,,,,,
Recommended Customer Price,"$10,009.00 ","$3,115.00 ","$7,007.00 ","$7,007.00 ","$4,702.00 ","$6,114.00 ","$5,890.00 ","$7,405.00 ","$8,719.00 ","$4,936.00 ","$4,856.00 ","$8,874.00 ","$3,333.00 ","$7,496.00 ","$9,328.00 ","$13,923.00 ","$5,031.00 ","$12,544.00 ","$8,244.00 ","$10,710.00 ","$5,691.00 ","$6,742.00 ","$7,922.00 ",$536.00 ,$536.00 ,$743.00 ,$600.00 ,$446.00 ,$963.00 ,$822.00 ,"$40,000 ","$50,000 ","$40,000 ","$40,000 ",$536.00 ,$743.00 ,$594.00 ,$850.00 ,"$1,273.00 ","$10,009.00 ","$1,776.00 ","$4,200.00 ","$1,555.00 ","$1,894.00 ","$3,003.00 ","$3,500.00 ","$2,700.00 ","$8,719.00 ","$3,400.00 ","$11,722.00 ","$13,012.00 ","$4,779.00 ","$7,203.00 ","$4,227.00 ","$3,692.00 ","$2,796.00 ","$2,172.00 ","$8,666.00 ","$3,239.00 ","$7,214.00 ","$4,329.00 ","$4,227.00 ","$3,692.00 ","$6,742.00 ","$3,287.00 ","$2,462.00 ","$2,027.00 ","$5,031.00 ","$2,616.00 ","$2,782.00 ","$2,991.00 ","$1,361.00 ","$1,017.00 ","$2,370.00 ","$1,392.00 ","$2,706.00 ","$2,934.00 ","$1,784.00 ","$2,114.00 ","$1,470.00 ","$1,552.00 ","$1,848.00 ","$1,664.00 ",$958.00 ,"$4,134.00 ","$5,828.00 "
,,,,,,,,,,,,,,,,,,,,,,,,,,,,,,,,,,,,,,,,,,,,,,,,,,,,,,,,,,,,,,,,,,,,,,,,,,,,,,,,,,,,,,
Total Cores,28,16,4,12,24,26,24,26,28,24,24,28,16,4,28,28,24,28,24,28,24,24,26,8,10,12,8,8,16,12,48,56,32,32,10,12,10,8,18,28,16,24,20,24,18,18,24,28,8,28,28,16,24,32,32,32,28,40,36,38,32,32,36,38,28,16,28,36,18,32,32,24,12,8,16,24,24,24,24,24,24,20,26,8,32,32
Total Threads,56,32,8,24,48,52,48,52,56,48,48,56,32,8,56,56,48,56,48,56,48,48,52,16,20,24,16,16,32,24,96,112,64,64,20,24,20,16,36,56,32,48,40,48,36,36,48,56,16,56,56,32,48,64,64,64,56,80,72,76,64,64,72,76,56,32,56,72,36,64,64,48,24,16,32,48,48,48,48,48,48,40,52,16,64,64
Max Turbo Frequency,3.80 GHz,2.80 GHz,3.70 GHz,3.70 GHz,3.70 GHz,3.70 GHz,3.70 GHz,3.70 GHz,3.80 GHz,3.70 GHz,3.70 GHz,3.80 GHz,3.00 GHz,3.90 GHz,4.00 GHz,4.00 GHz,3.90 GHz,4.00 GHz,3.90 GHz,4.00 GHz,3.90 GHz,3.90 GHz,4.00 GHz,3.20 GHz,3.20 GHz,3.20 GHz,3.50 GHz,3.20 GHz,3.20 GHz,3.20 GHz,3.80 GHz,3.80 GHz,3.70 GHz,3.70 GHz,3.20 GHz,3.50 GHz,3.20 GHz,4.00 GHz,3.80 GHz,4.30 GHz,4.30 GHz,4.20 GHz,4.20 GHz,3.70 GHz,3.80 GHz,4.30 GHz,4.20 GHz,4.30 GHz,4.40 GHz,4.30 GHz,4.30 GHz,4.30 GHz,4.20 GHz,3.40 GHz,3.40 GHz,3.20 GHz,3.40 GHz,3.40 GHz,3.50 GHz,3.70 GHz,3.40 GHz,3.40 GHz,3.50 GHz,3.40 GHz,3.50 GHz,3.60 GHz,3.10 GHz,3.50 GHz,3.60 GHz,3.40 GHz,3.50 GHz,3.40 GHz,3.60 GHz,3.70 GHz,3.50 GHz,3.50 GHz,3.40 GHz,3.40 GHz,3.60 GHz,3.40 GHz,3.60 GHz,3.50 GHz,3.40 GHz,3.60 GHz,3.50 GHz,3.60 GHz
Processor Base Frequency,2.50 GHz,2.00 GHz,3.60 GHz,3.00 GHz,2.10 GHz,2.00 GHz,2.70 GHz,2.10 GHz,2.10 GHz,2.10 GHz,2.10 GHz,2.10 GHz,2.20 GHz,3.80 GHz,2.20 GHz,2.70 GHz,2.40 GHz,2.20 GHz,2.40 GHz,2.70 GHz,2.40 GHz,2.90 GHz,2.70 GHz,2.20 GHz,2.20 GHz,2.20 GHz,2.50 GHz,2.10 GHz,2.10 GHz,2.20 GHz,2.30 GHz,2.60 GHz,2.30 GHz,2.30 GHz,2.40 GHz,2.40 GHz,2.30 GHz,3.20 GHz,2.50 GHz,2.90 GHz,2.80 GHz,3.00 GHz,2.40 GHz,2.00 GHz,2.50 GHz,3.10 GHz,2.30 GHz,2.60 GHz,3.90 GHz,2.60 GHz,2.90 GHz,2.80 GHz,3.00 GHz,2.60 GHz,2.20 GHz,2.00 GHz,2.20 GHz,2.30 GHz,2.40 GHz,2.60 GHz,2.20 GHz,2.60 GHz,2.10 GHz,2.40 GHz,2.60 GHz,3.10 GHz,2.00 GHz,2.40 GHz,3.00 GHz,2.30 GHz,2.20 GHz,2.10 GHz,3.00 GHz,3.60 GHz,2.90 GHz,2.80 GHz,2.10 GHz,2.10 GHz,2.40 GHz,2.10 GHz,2.40 GHz,2.30 GHz,2.20 GHz,3.20 GHz,2.30 GHz,2.80 GHz
Cache,38.5 MB L3 Cache,22 MB L3 Cache,16.5 MB L3 Cache,24.75 MB L3 Cache,33 MB L3 Cache,35.75 MB L3 Cache,33 MB L3 Cache,35.75 MB L3 Cache,38.5 MB L3 Cache,33 MB L3 Cache,33 MB L3 Cache,38.5 MB L3 Cache,22 MB,16.5 MB,38.5 MB,38.5 MB,35.75 MB,38.5 MB,35.75 MB,38.5 MB,35.75 MB,35.75 MB,35.75 MB,11 MB,13.75 MB,16.5 MB,11 MB,11 MB,22 MB,16.5 MB,71.5 MB Intel® Smart Cache,77 MB Intel® Smart Cache,71.5 MB,71.5 MB,13.75 MB,16.5 MB,13.75 MB,11 MB,24.75 MB,38.5 MB,22 MB,33 MB,27.5 MB,33 MB,24.75 MB,24.75 MB,33 MB,38.5 MB,35.75 MB,38.5 MB,38.5 MB,22 MB,33 MB,48 MB,48 MB,48 MB,42 MB,60 MB,54 MB,57 MB,48 MB,48 MB,54 MB,57 MB,42 MB,36 MB,42 MB,54 MB,39 MB,48 MB,48 MB,36 MB,18 MB,18 MB,24 MB,36 MB,36 MB,36 MB,36 MB,36 MB,36 MB,30 MB,39 MB,12 MB,48 MB,48 MB
# of UPI Links,3,3,3,3,3,3,3,3,3,3,2,2,3,3,3,3,3,3,3,3,3,3,3,2,2,2,2,2,2,2,4,4,4,4,2,2,2,2,6,6,6,6,6,6,6,6,6,6,6,6,6,6,6,3,3,3,3,3,,3,3,3,3,3,3,3,3,3,3,,3,3,3,3,3,3,3,3,3,3,,3,3,3,3,3
TDP,205 W,125 W,105 W,150 W,150 W,150 W,205 W,165 W,165 W,150 W,160 W,173 W,125 W,105 W,165 W,205 W,165 W,165 W,165 W,205 W,165 W,205 W,205 W,70 W,85 W,85 W,85 W,85 W,100 W,85 W,350 W,400 W,250 W,250 W,100 W,100 W,95 W,130 W,150 W,250 W,165 W,225 W,150 W,150 W,150 W,205 W,165 W,205 W,190 W,205 W,250 W,165 W,225 W,250 W,205 W,205 W,165 W,270 W,225 W,270 W,205 W,240 W,195 W,270 W,235 W,205 W,205 W,250 W,205 W,205 W,185 W,165 W,150 W,165 W,185 W,230 W,165 W,165 W,185 W,150 W,185 W,150 W,185 W,140 W,185 W,265 W
Intel® Turbo Boost Technology 2.0 Frequency‡,,,,,,,,,,,,,,,,,,,,,,,,,,,,,,,3.80 GHz,3.80 GHz,3.70 GHz,3.70 GHz,,,,,,,,,,,,,,,,,,,,,,,,,,,,,,,,,,,,,,,,,,,,,,,,,,,,
Intel® UPI Speed,,,,,,,,,,,,,,,,,,,,,,,,,,,,,,,,,,,,,,,,,,,,,,,,,,,,,,11.2 GT/s,11.2 GT/s,11.2 GT/s,11.2 GT/s,11.2 GT/s,,11.2 GT/s,11.2 GT/s,11.2 GT/s,11.2 GT/s,11.2 GT/s,11.2 GT/s,11.2 GT/s,11.2 GT/s,11.2 GT/s,11.2 GT/s,,11.2 GT/s,11.2 GT/s,11.2 GT/s,11.2 GT/s,11.2 GT/s,11.2 GT/s,11.2 GT/s,11.2 GT/s,11.2 GT/s,11.2 GT/s,,11.2 GT/s,11.2 GT/s,11.2 GT/s,11.2 GT/s,11.2 GT/s
,,,,,,,,,,,,,,,,,,,,,,,,,,,,,,,,,,,,,,,,,,,,,,,,,,,,,,,,,,,,,,,,,,,,,,,,,,,,,,,,,,,,,,
,,,,,,,,,,,,,,,,,,,,,,,,,,,,,,,,,,,,,,,,,,,,,,,,,,,,,,,,,,,,,,,,,,,,,,,,,,,,,,,,,,,,,,
Embedded Options Available,No,No,No,No,No,No,No,No,No,Yes,No,No,No,No,No,No,No,No,No,No,No,No,No,Yes,Yes,Yes,Yes,No,Yes,No,No,No,No,No,Yes,Yes,Yes,Yes,No,No,No,No,No,No,No,No,No,No,No,No,No,No,No,No,No,No,Yes,No,Yes,No,No,No,No,No,No,No,Yes,No,No,Yes,Yes,Yes,Yes,No,Yes,No,Yes,No,Yes,Yes,Yes,Yes,No,Yes,No,No
Product Brief,View now,View now,View now,View now,View now,View now,View now,View now,View now,View now,View now,View now,View now,View now,View now,,View now,,,View now,View now,View now,View now,View now,View now,View now,View now,View now,View now,View now,View now,View now,View now,View now,View now,View now,View now,View now,,,,,,,,,,,,,,,,,,,,,,,,,,,,,,,,,,,,,,,,,,,,,,,,
Additional Information,View now,View now,View now,View now,View now,View now,View now,View now,View now,View now,View now,View now,,,,,,,,,,,,,,,,,,,,,,,,,,,,,,,,,,,,,,,,,,,,,,,,,,,,,,,,,,,,,,,,,,,,,,,,,,
Description,,,,,,,,,,,Intel® Server Component Extended Warranty provides an additional 2 years and is available wherever the 3 year standard warranty is available  and must be order at the same time or within 30 days of product order,Intel® Server Component Extended Warranty provides an additional 2 years and is available wherever the 3 year standard warranty is available  and must be order at the same time or within 30 days of product order,,,,,,,,,,,,,,,,,,,,,,,,,,,,,,,,,,,,,,,,,,,,,,,,,,,,,,,,,,,,,,,,,,,,,,,,,,
,,,,,,,,,,,,,,,,,,,,,,,,,,,,,,,,,,,,,,,,,,,,,,,,,,,,,,,,,,,,,,,,,,,,,,,,,,,,,,,,,,,,,,
,,,,,,,,,,,,,,,,,,,,,,,,,,,,,,,,,,,,,,,,,,,,,,,,,,,,,,,,,,,,,,,,,,,,,,,,,,,,,,,,,,,,,,
Max Memory Size (dependent on memory type),768 GB,768 GB,768 GB,768 GB,768 GB,768 GB,768 GB,768 GB,768 GB,768 GB,768 GB,768 GB,1 TB,1 TB,1 TB,4.5 TB,1 TB,4.5 TB,4.5 TB,1 TB,1 TB,1 TB,1 TB,1 TB,1 TB,1 TB,1 TB,1 TB,1 TB,1 TB,,,,,1 TB,1 TB,1 TB,1 TB,1.12 TB,1.12 TB,1.12 TB,1.12 TB,1.12 TB,1.12 TB,1.12 TB,1.12 TB,1.12 TB,1.12 TB,1.12 TB,4.5 TB,4.5 TB,4.5 TB,4.5 TB,6 TB,6 TB,6 TB,6 TB,6 TB,6 TB,6 TB,6 TB,6 TB,6 TB,6 TB,6 TB,6 TB,6 TB,6 TB,6 TB,6 TB,6 TB,6 TB,6 TB,6 TB,6 TB,6 TB,6 TB,6 TB,6 TB,6 TB,6 TB,6 TB,6 TB,6 TB,6 TB,6 TB
Memory Types,DDR4-2666,DDR4-2666,DDR4-2666,DDR4-2666,DDR4-2666,DDR4-2666,DDR4-2666,DDR4-2666,DDR4-2666,DDR4-2666,DDR4-2666,DDR4-2666,DDR4-2933,DDR4-2933,DDR4-2933,DDR4-2933,DDR4-2933,DDR4-2933,DDR4-2933,DDR4-2933,DDR4-2933,DDR4-2933,DDR4-2933,DDR4-2400,DDR4-2400,DDR4-2400,DDR4-2400,DDR4-2400,DDR4-2400,DDR4-2400,DDR4-2933,DDR4-2933,DDR4-2933,DDR4-2933,DDR4-2400,DDR4-2400,DDR4-2400,DDR4-2400,DDR4 RDIMM,DDR4 RDIMM,DDR4 RDIMM,DDR4 RDIMM,DDR4 RDIMM,DDR4 RDIMM,DDR4 RDIMM,DDR4 RDIMM,DDR4 RDIMM,DDR4 RDIMM,DDR4 RDIMM,DDR4 RDIMM,DDR4 RDIMM,DDR4 RDIMM,DDR4 RDIMM,DDR4-3200,DDR4-3200,DDR4-3200,DDR4-2667,DDR4-3200,DDR4-2933,DDR4-3200,DDR4-3200,DDR4-3200,DDR4-2933,DDR4-3200,DDR4-3200,DDR4-3200,DDR4-2933,DDR4-3200,DDR4-3200,DDR4-3200,DDR4-2667,DDR4-2933,DDR4-2933,DDR4-3200,DDR4-3200,DDR4-3200,DDR4-3200,DDR4-2933,DDR4-3200,DDR4-2667,DDR4-3200,DDR4-2933,DDR4-2933,DDR4-2933,DDR4-3200,DDR4-3200
Maximum Memory Speed,2666 MHz,2666 MHz,2666 MHz,2666 MHz,2666 MHz,2666 MHz,2666 MHz,2666 MHz,2666 MHz,2666 MHz,2666 MHz,2666 MHz,2933 MHz,2933 MHz,2933 MHz,2933 MHz,2933 MHz,2933 MHz,2933 MHz,2933 MHz,2933 MHz,2933 MHz,2933 MHz,2400 MHz,2400 MHz,2400 MHz,2400 MHz,2400 MHz,2400 MHz,2400 MHz,2933 MHz,2933 MHz,2933 MHz,2933 MHz,2400 MHz,2400 MHz,2400 MHz,2400 MHz,2667 MHz,3200 MHz,2933 MHz,3200 MHz,2667 MHz,2933 MHz,3200 MHz,3200 MHz,2933 MHz,3200 MHz,2933 MHz,3200 MHz,3200 MHz,2933 MHz,3200 MHz,3200 MHz,3200 MHz,3200 MHz,2667 MHz,3200 MHz,2933 MHz,3200 MHz,3200 MHz,3200 MHz,2933 MHz,3200 MHz,3200 MHz,3200 MHz,2933 MHz,3200 MHz,3200 MHz,3200 MHz,2667 MHz,2933 MHz,2933 MHz,3200 MHz,3200 MHz,3200 MHz,3200 MHz,2933 MHz,3200 MHz,2667 MHz,3200 MHz,2933 MHz,2933 MHz,2933 MHz,3200 MHz,3200 MHz
Max # of Memory Channels,6,6,6,6,6,6,6,6,6,6,6,6,6,6,6,6,6,6,6,6,6,6,6,6,6,6,6,6,6,6,12,12,12,12,6,6,6,6,6,6,6,6,6,6,6,6,6,6,6,6,6,6,6,8,8,8,8,8,8,8,8,8,8,8,8,8,8,8,8,8,8,8,8,8,8,8,8,8,8,8,8,8,8,8,8,8
ECC Memory Supported   ‡,Yes,Yes,Yes,Yes,Yes,Yes,Yes,Yes,Yes,Yes,Yes,Yes,Yes,Yes,Yes,Yes,Yes,Yes,Yes,Yes,Yes,Yes,Yes,Yes,Yes,Yes,Yes,Yes,Yes,Yes,,,,,Yes,Yes,Yes,Yes,Yes,Yes,Yes,Yes,Yes,Yes,Yes,Yes,Yes,Yes,Yes,Yes,Yes,Yes,Yes,Yes,Yes,Yes,Yes,Yes,Yes,Yes,Yes,Yes,Yes,Yes,Yes,Yes,Yes,Yes,Yes,Yes,Yes,Yes,Yes,Yes,Yes,Yes,Yes,Yes,Yes,Yes,Yes,Yes,Yes,Yes,Yes,Yes
Intel® Optane™ DC Persistent Memory Supported,,,,,,,,,,,,,Yes,Yes,Yes,Yes,Yes,Yes,Yes,Yes,Yes,Yes,Yes,No,No,No,Yes,No,No,No,,,,,No,No,No,Yes,Yes,Yes,Yes,Yes,Yes,Yes,Yes,Yes,Yes,Yes,Yes,Yes,Yes,Yes,Yes,Yes,Yes,Yes,Yes,Yes,Yes,Yes,Yes,Yes,Yes,Yes,Yes,Yes,Yes,Yes,Yes,Yes,Yes,Yes,Yes,Yes,Yes,Yes,Yes,Yes,Yes,Yes,Yes,Yes,Yes,Yes,Yes,Yes
,,,,,,,,,,,,,,,,,,,,,,,,,,,,,,,,,,,,,,,,,,,,,,,,,,,,,,,,,,,,,,,,,,,,,,,,,,,,,,,,,,,,,,
,,,,,,,,,,,,,,,,,,,,,,,,,,,,,,,,,,,,,,,,,,,,,,,,,,,,,,,,,,,,,,,,,,,,,,,,,,,,,,,,,,,,,,
Scalability,S8S,S8S,S8S,S8S,S8S,S8S,S8S,S8S,S8S,S8S,2S,2S,S8S,S8S,S8S,S8S,S8S,S8S,S8S,S8S,S8S,S8S,S8S,2S,2S,2S,2S,2S,2S,2S,,,,,2S,2S,2S,2S,4S,S8S,4S,S8S,4S,4S,S8S,S8S,4S,S8S,S8S,S8S,S8S,4S,S8S,2S,2S,2S,2S,2S,1S Only,2S,2S,2S,2S,2S,2S,2S,2S,2S,2S,1S Only,2S,2S,2S,2S,2S,2S,2S,2S,2S,2S,1S Only,2S,2S,2S,2S,2S
PCI Express Revision,3,3,3,3,3,3,3,3,3,3,3,3,3,3,3,3,3,3,3,3,3,3,3,3,3,3,3,3,3,3,,,,,3,3,3,3,3,3,3,3,3,3,3,3,3,3,3,3,3,3,3,4,4,4,4,4,4,4,4,4,4,4,4,4,4,4,4,4,4,4,4,4,4,4,4,4,4,4,4,4,4,4,4,4
Max # of PCI Express Lanes,48,48,48,48,48,48,48,48,48,48,48,48,48,48,48,48,48,48,48,48,48,48,48,48,48,48,48,48,48,48,,,,,48,48,48,48,48,48,48,48,48,48,48,48,48,48,48,48,48,48,48,64,64,64,64,64,64,64,64,64,64,64,64,64,64,64,64,64,64,64,64,64,64,64,64,64,64,64,64,64,64,64,64,64
,,,,,,,,,,,,,,,,,,,,,,,,,,,,,,,,,,,,,,,,,,,,,,,,,,,,,,,,,,,,,,,,,,,,,,,,,,,,,,,,,,,,,,
,,,,,,,,,,,,,,,,,,,,,,,,,,,,,,,,,,,,,,,,,,,,,,,,,,,,,,,,,,,,,,,,,,,,,,,,,,,,,,,,,,,,,,
Sockets Supported,FCLGA3647,FCLGA3647,FCLGA3647,FCLGA3647,FCLGA3647,FCLGA3647,FCLGA3647,FCLGA3647,FCLGA3647,FCLGA3647,FCLGA3647,FCLGA3647,FCLGA3647,FCLGA3647,FCLGA3647,FCLGA3647,FCLGA3647,FCLGA3647,FCLGA3647,FCLGA3647,FCLGA3647,FCLGA3647,FCLGA3647,FCLGA3647,FCLGA3647,FCLGA3647,FCLGA3647,FCLGA3647,FCLGA3647,FCLGA3647,,,,,FCLGA3647,FCLGA3647,FCLGA3647,FCLGA3647,FCLGA4189,FCLGA4189,FCLGA4189,FCLGA4189,FCLGA4189,FCLGA4189,FCLGA4189,FCLGA4189,FCLGA4189,FCLGA4189,FCLGA4189,FCLGA4189,FCLGA4189,FCLGA4189,FCLGA4189,FCLGA4189,FCLGA4189,FCLGA4189,FCLGA4189,FCLGA4189,FCLGA4189,FCLGA4189,FCLGA4189,FCLGA4189,FCLGA4189,FCLGA4189,FCLGA4189,FCLGA4189,FCLGA4189,FCLGA4189,FCLGA4189,FCLGA4189,FCLGA4189,FCLGA4189,FCLGA4189,FCLGA4189,FCLGA4189,FCLGA4189,FCLGA4189,FCLGA4189,FCLGA4189,FCLGA4189,FCLGA4189,FCLGA4189,FCLGA4189,FCLGA4189,FCLGA4189,FCLGA4189
TCASE,84°C,87°C,71°C,85°C,85°C,85°C,85°C,89°C,89°C,93°C,87°C,87°C,87°C,72°C,89°C,84°C,90°C,89°C,90°C,84°C,90°C,84°C,84°C,91°C,78°C,77°C,77°C,78°C,79°C,77°C,,,,,84°C,79°C,91°C,79°C,,,,,,,,,,,,,,,,81°C,81°C,81°C,86°C,83°C,76°C,58°C,81°C,80°C,78°C,84°C,80°C,78°C,86°C,80°C,77°C,81°C,83°C,87°C,84°C,69°C,78°C,81°C,87°C,87°C,80°C,83°C,80°C,86°C,79°C,81°C,77°C,82°C
Package Size,76.0mm x 56.5mm,76.0mm x 56.5mm,76.0mm x 56.5mm,76.0mm x 56.5mm,76.0mm x 56.5mm,76.0mm x 56.5mm,76.0mm x 56.5mm,76.0mm x 56.5mm,76.0mm x 56.5mm,76.0mm x 56.5mm,88.0mm x 56.5mm,88.0mm x 56.5mm,76.0mm x 56.5mm,76.0mm x 56.5mm,76.0mm x 56.5mm,76.0mm x 56.5mm,76.0mm x 56.5mm,76.0mm x 56.5mm,76.0mm x 56.5mm,76.0mm x 56.5mm,76.0mm x 56.5mm,76.0mm x 56.5mm,76.0mm x 56.5mm,76.0mm x 56.5mm,76.0mm x 56.5mm,76.0mm x 56.5mm,76.0mm x 56.5mm,76.0mm x 56.5mm,76.0mm x 56.5mm,76.0mm x 56.5mm,,,,,76.0mm x 56.5mm,76.0mm x 56.5mm,76.0mm x 56.5mm,76.0mm x 56.5mm,77.5x56.5mm,77.5x56.5mm,77.5x56.5mm,77.5x56.5mm,77.5x56.5mm,77.5x56.5mm,77.5x56.5mm,77.5x56.5mm,77.5x56.5mm,77.5x56.5mm,77.5x56.5mm,77.5x56.5mm,77.5x56.5mm,77.5x56.5mm,77.5x56.5mm,77.5mm x 56.5mm,77.5mm x 56.5mm,77.5mm x 56.5mm,77.5mm x 56.5mm,77.5mm x 56.5mm,77.5mm x 56.5mm,77.5mm x 56.5mm,77.5mm x 56.5mm,77.5mm x 56.5mm,77.5mm x 56.5mm,77.5mm x 56.5mm,77.5mm x 56.5mm,77.5mm x 56.5mm,77.5mm x 56.5mm,77.5mm x 56.5mm,77.5mm x 56.5mm,77.5mm x 56.5mm,77.5mm x 56.5mm,77.5mm x 56.5mm,77.5mm x 56.5mm,77.5mm x 56.5mm,77.5mm x 56.5mm,77.5mm x 56.5mm,77.5mm x 56.5mm,77.5mm x 56.5mm,77.5mm x 56.5mm,77.5mm x 56.5mm,77.5mm x 56.5mm,77.5mm x 56.5mm,77.5mm x 56.5mm,77.5mm x 56.5mm,77.5mm x 56.5mm,77.5mm x 56.5mm
Max CPU Configuration,,,,,,,,,,,,,,,,,,,,,,,,,,,,,,,2,2,2,2,,,,,,,,,,,,,,,,,,,,,,,,,,,,,,,,,,,,,,,,,,,,,,,,,,,,
,,,,,,,,,,,,,,,,,,,,,,,,,,,,,,,,,,,,,,,,,,,,,,,,,,,,,,,,,,,,,,,,,,,,,,,,,,,,,,,,,,,,,,
,,,,,,,,,,,,,,,,,,,,,,,,,,,,,,,,,,,,,,,,,,,,,,,,,,,,,,,,,,,,,,,,,,,,,,,,,,,,,,,,,,,,,,
Intel® Optane™ Memory Supported ‡,No,No,No,No,No,No,No,No,No,No,No,No,,,,,,,,,,,,,,,,,,,,,,,,,,,Yes,Yes,Yes,Yes,Yes,Yes,Yes,Yes,Yes,Yes,Yes,Yes,Yes,Yes,Yes,,,,,,,,,,,,,,,,,,,,,,,,,,,,,,,,,
Intel® Speed Shift Technology,Yes,Yes,Yes,Yes,Yes,Yes,Yes,Yes,Yes,Yes,Yes,Yes,Yes,Yes,Yes,Yes,Yes,Yes,Yes,Yes,Yes,Yes,Yes,Yes,Yes,Yes,Yes,Yes,Yes,Yes,Yes,Yes,Yes,Yes,Yes,Yes,Yes,Yes,Yes,Yes,Yes,Yes,Yes,Yes,Yes,Yes,Yes,Yes,Yes,Yes,Yes,Yes,Yes,Yes,Yes,Yes,Yes,Yes,Yes,Yes,Yes,Yes,Yes,Yes,Yes,Yes,Yes,Yes,Yes,Yes,Yes,Yes,Yes,Yes,Yes,Yes,Yes,Yes,Yes,Yes,Yes,Yes,Yes,Yes,Yes,Yes
Intel® Turbo Boost Max Technology 3.0 ‡,No,No,No,No,No,No,No,No,No,No,No,No,No,No,No,No,No,No,No,No,No,No,No,No,No,No,No,No,No,No,,,,,No,No,No,No,,,,,,,,,,,,,,,,,,,,,,,,,,,,,,,,,,,,,,,,,,,,,,,,
Intel® Turbo Boost Technology ‡,2,2,2,2,2,2,2,2,2,2,2,2,2,2,2,2,2,2,2,2,2,2,2,2,2,2,2,2,2,2,2,2,2,2,2,2,2,2,,,,,,,,,,,,,,,,2,2,2,2,2,2,2,2,2,2,2,2,2,2,2,2,2,2,2,2,2,2,2,2,2,2,2,2,2,2,2,2,2
Intel® Hyper-Threading Technology ‡,Yes,Yes,Yes,Yes,Yes,Yes,Yes,Yes,Yes,Yes,Yes,Yes,Yes,Yes,Yes,Yes,Yes,Yes,Yes,Yes,Yes,Yes,Yes,Yes,Yes,Yes,Yes,Yes,Yes,Yes,Yes,Yes,Yes,Yes,Yes,Yes,Yes,Yes,Yes,Yes,Yes,Yes,Yes,Yes,Yes,Yes,Yes,Yes,Yes,Yes,Yes,Yes,Yes,Yes,Yes,Yes,Yes,Yes,Yes,Yes,Yes,Yes,Yes,Yes,Yes,Yes,Yes,Yes,Yes,Yes,Yes,Yes,Yes,Yes,Yes,Yes,Yes,Yes,Yes,Yes,Yes,Yes,Yes,Yes,Yes,Yes
Intel® Transactional Synchronization Extensions,Yes,Yes,Yes,Yes,Yes,Yes,Yes,Yes,Yes,Yes,Yes,Yes,Yes,Yes,Yes,Yes,Yes,Yes,Yes,Yes,Yes,Yes,Yes,Yes,Yes,Yes,Yes,Yes,Yes,Yes,Yes,Yes,Yes,Yes,Yes,Yes,Yes,Yes,Yes,Yes,Yes,Yes,Yes,Yes,Yes,Yes,Yes,Yes,Yes,Yes,Yes,Yes,Yes,Yes,Yes,Yes,Yes,Yes,Yes,Yes,Yes,Yes,Yes,Yes,Yes,Yes,Yes,Yes,Yes,Yes,Yes,Yes,Yes,Yes,Yes,Yes,Yes,Yes,Yes,Yes,Yes,Yes,Yes,Yes,Yes,Yes
Intel® 64 ‡,Yes,Yes,Yes,Yes,Yes,Yes,Yes,Yes,Yes,Yes,Yes,Yes,Yes,Yes,Yes,Yes,Yes,Yes,Yes,Yes,Yes,Yes,Yes,Yes,Yes,Yes,Yes,Yes,Yes,Yes,Yes,Yes,Yes,Yes,Yes,Yes,Yes,Yes,Yes,Yes,Yes,Yes,Yes,Yes,Yes,Yes,Yes,Yes,Yes,Yes,Yes,Yes,Yes,Yes,Yes,Yes,Yes,Yes,Yes,Yes,Yes,Yes,Yes,Yes,Yes,Yes,Yes,Yes,Yes,Yes,Yes,Yes,Yes,Yes,Yes,Yes,Yes,Yes,Yes,Yes,Yes,Yes,Yes,Yes,Yes,Yes
Instruction Set Extensions,Intel® SSE4.2  Intel® AVX  Intel® AVX2  Intel® AVX-512,Intel® SSE4.2  Intel® AVX  Intel® AVX2  Intel® AVX-512,Intel® SSE4.2  Intel® AVX  Intel® AVX2  Intel® AVX-512,Intel® SSE4.2  Intel® AVX  Intel® AVX2  Intel® AVX-512,Intel® SSE4.2  Intel® AVX  Intel® AVX2  Intel® AVX-512,Intel® SSE4.2  Intel® AVX  Intel® AVX2  Intel® AVX-512,Intel® SSE4.2  Intel® AVX  Intel® AVX2  Intel® AVX-512,Intel® SSE4.2  Intel® AVX  Intel® AVX2  Intel® AVX-512,Intel® SSE4.2  Intel® AVX  Intel® AVX2  Intel® AVX-512,Intel® SSE4.2  Intel® AVX  Intel® AVX2  Intel® AVX-512,Intel® SSE4.2  Intel® AVX  Intel® AVX2  Intel® AVX-512,Intel® SSE4.2  Intel® AVX  Intel® AVX2  Intel® AVX-512,Intel® SSE4.2  Intel® AVX  Intel® AVX2  Intel® AVX-512,Intel® SSE4.2  Intel® AVX  Intel® AVX2  Intel® AVX-512,Intel® SSE4.2  Intel® AVX  Intel® AVX2  Intel® AVX-512,Intel® SSE4.2  Intel® AVX  Intel® AVX2  Intel® AVX-512,Intel® SSE4.2  Intel® AVX  Intel® AVX2  Intel® AVX-512,Intel® SSE4.2  Intel® AVX  Intel® AVX2  Intel® AVX-512,Intel® SSE4.2  Intel® AVX  Intel® AVX2  Intel® AVX-512,Intel® SSE4.2  Intel® AVX  Intel® AVX2  Intel® AVX-512,Intel® SSE4.2  Intel® AVX  Intel® AVX2  Intel® AVX-512,Intel® SSE4.2  Intel® AVX  Intel® AVX2  Intel® AVX-512,Intel® SSE4.2  Intel® AVX  Intel® AVX2  Intel® AVX-512,Intel® SSE4.2  Intel® AVX  Intel® AVX2  Intel® AVX-512,Intel® SSE4.2  Intel® AVX  Intel® AVX2  Intel® AVX-512,Intel® SSE4.2  Intel® AVX  Intel® AVX2  Intel® AVX-512,Intel® SSE4.2  Intel® AVX  Intel® AVX2  Intel® AVX-512,Intel® SSE4.2  Intel® AVX  Intel® AVX2  Intel® AVX-512,Intel® SSE4.2  Intel® AVX  Intel® AVX2  Intel® AVX-512,Intel® SSE4.2  Intel® AVX  Intel® AVX2  Intel® AVX-512,Intel® AVX-512,Intel® AVX-512,Intel® AVX-512,Intel® AVX-512,Intel® SSE4.2  Intel® AVX  Intel® AVX2  Intel® AVX-512,Intel® SSE4.2  Intel® AVX  Intel® AVX2  Intel® AVX-512,Intel® SSE4.2  Intel® AVX  Intel® AVX2  Intel® AVX-512,Intel® SSE4.2  Intel® AVX  Intel® AVX2  Intel® AVX-512,Intel® SSE4.2  Intel® AVX  Intel® AVX2  Intel® AVX-512,Intel® AVX-512,Intel® SSE4.2  Intel® AVX  Intel® AVX2  Intel® AVX-512,Intel® SSE4.2  Intel® AVX  Intel® AVX2  Intel® AVX-512,Intel® SSE4.2  Intel® AVX  Intel® AVX2  Intel® AVX-512,Intel® SSE4.2  Intel® AVX  Intel® AVX2  Intel® AVX-512,Intel® SSE4.2  Intel® AVX  Intel® AVX2  Intel® AVX-512,Intel® SSE4.2  Intel® AVX  Intel® AVX2  Intel® AVX-512,Intel® SSE4.2  Intel® AVX  Intel® AVX2  Intel® AVX-512,Intel® SSE4.2  Intel® AVX  Intel® AVX2  Intel® AVX-512,Intel® SSE4.2  Intel® AVX  Intel® AVX2  Intel® AVX-512,Intel® SSE4.2  Intel® AVX  Intel® AVX2  Intel® AVX-512,Intel® SSE4.2  Intel® AVX  Intel® AVX2  Intel® AVX-512,Intel® SSE4.2  Intel® AVX  Intel® AVX2  Intel® AVX-512,Intel® SSE4.2  Intel® AVX  Intel® AVX2  Intel® AVX-512,Intel® SSE4.2  Intel® AVX  Intel® AVX2  Intel® AVX-512,Intel® SSE4.2  Intel® AVX  Intel® AVX2  Intel® AVX-512,Intel® SSE4.2  Intel® AVX  Intel® AVX2  Intel® AVX-512,Intel® SSE4.2  Intel® AVX  Intel® AVX2  Intel® AVX-512,Intel® SSE4.2  Intel® AVX  Intel® AVX2  Intel® AVX-512,Intel® SSE4.2  Intel® AVX  Intel® AVX2  Intel® AVX-512,Intel® SSE4.2  Intel® AVX  Intel® AVX2  Intel® AVX-512,Intel® SSE4.2  Intel® AVX  Intel® AVX2  Intel® AVX-512,Intel® SSE4.2  Intel® AVX  Intel® AVX2  Intel® AVX-512,Intel® SSE4.2  Intel® AVX  Intel® AVX2  Intel® AVX-512,Intel® SSE4.2  Intel® AVX  Intel® AVX2  Intel® AVX-512,Intel® SSE4.2  Intel® AVX  Intel® AVX2  Intel® AVX-512,Intel® SSE4.2  Intel® AVX  Intel® AVX2  Intel® AVX-512,Intel® SSE4.2  Intel® AVX  Intel® AVX2  Intel® AVX-512,Intel® SSE4.2  Intel® AVX  Intel® AVX2  Intel® AVX-512,Intel® SSE4.2  Intel® AVX  Intel® AVX2  Intel® AVX-512,Intel® SSE4.2  Intel® AVX  Intel® AVX2  Intel® AVX-512,Intel® SSE4.2  Intel® AVX  Intel® AVX2  Intel® AVX-512,Intel® SSE4.2  Intel® AVX  Intel® AVX2  Intel® AVX-512,Intel® SSE4.2  Intel® AVX  Intel® AVX2  Intel® AVX-512,Intel® SSE4.2  Intel® AVX  Intel® AVX2  Intel® AVX-512,Intel® SSE4.2  Intel® AVX  Intel® AVX2  Intel® AVX-512,Intel® SSE4.2  Intel® AVX  Intel® AVX2  Intel® AVX-512,Intel® SSE4.2  Intel® AVX  Intel® AVX2  Intel® AVX-512,Intel® SSE4.2  Intel® AVX  Intel® AVX2  Intel® AVX-512,Intel® SSE4.2  Intel® AVX  Intel® AVX2  Intel® AVX-512,Intel® SSE4.2  Intel® AVX  Intel® AVX2  Intel® AVX-512,Intel® SSE4.2  Intel® AVX  Intel® AVX2  Intel® AVX-512,Intel® SSE4.2  Intel® AVX  Intel® AVX2  Intel® AVX-512,Intel® SSE4.2  Intel® AVX  Intel® AVX2  Intel® AVX-512,Intel® SSE4.2  Intel® AVX  Intel® AVX2  Intel® AVX-512,Intel® SSE4.2  Intel® AVX  Intel® AVX2  Intel® AVX-512,Intel® SSE4.2  Intel® AVX  Intel® AVX2  Intel® AVX-512
# of AVX-512 FMA Units,2,2,2,2,2,2,2,2,2,2,2,2,2,2,2,2,2,2,2,2,2,2,2,1,1,1,1,1,1,1,2,2,2,2,1,1,1,1,2,2,2,2,2,2,2,2,2,2,2,2,2,2,2,2,2,2,2,2,2,2,2,2,2,2,2,2,2,2,2,2,2,2,2,2,2,2,2,2,2,2,2,2,2,2,2,2
Enhanced Intel SpeedStep® Technology,Yes,Yes,Yes,Yes,Yes,Yes,Yes,Yes,Yes,Yes,Yes,Yes,Yes,Yes,Yes,Yes,Yes,Yes,Yes,Yes,Yes,Yes,Yes,Yes,Yes,Yes,Yes,Yes,Yes,Yes,,,,,Yes,Yes,Yes,Yes,Yes,Yes,Yes,Yes,Yes,Yes,Yes,Yes,Yes,Yes,Yes,Yes,Yes,Yes,Yes,,,,,,,,,,,,,,,,,,,,,,,,,,,,,,,,,
Intel® Volume Management Device (VMD),Yes,Yes,Yes,Yes,Yes,Yes,Yes,Yes,Yes,Yes,Yes,Yes,Yes,Yes,Yes,Yes,Yes,Yes,Yes,Yes,Yes,Yes,Yes,Yes,Yes,Yes,Yes,Yes,Yes,Yes,Yes,Yes,Yes,Yes,Yes,Yes,Yes,Yes,Yes,Yes,Yes,Yes,Yes,Yes,Yes,Yes,Yes,Yes,Yes,Yes,Yes,Yes,Yes,Yes,Yes,Yes,Yes,Yes,Yes,Yes,Yes,Yes,Yes,Yes,Yes,Yes,Yes,Yes,Yes,Yes,Yes,Yes,Yes,Yes,Yes,Yes,Yes,Yes,Yes,Yes,Yes,Yes,Yes,Yes,Yes,Yes
Integrated Intel® Omni-Path Architecture (Intel® OPA),,,,,,,,,,,Yes,Yes,,,,,,,,,,,,,,,,,,,,,,,,,,,,,,,,,,,,,,,,,,,,,,,,,,,,,,,,,,,,,,,,,,,,,,,,,,
Intel® Deep Learning Boost (Intel® DL Boost),,,,,,,,,,,,,Yes,Yes,Yes,Yes,Yes,Yes,Yes,Yes,Yes,Yes,Yes,Yes,Yes,Yes,Yes,Yes,Yes,Yes,,,,,Yes,Yes,Yes,Yes,Yes,Yes,Yes,Yes,Yes,Yes,Yes,Yes,Yes,Yes,Yes,Yes,Yes,Yes,Yes,Yes,Yes,Yes,Yes,Yes,Yes,Yes,Yes,Yes,Yes,Yes,Yes,Yes,Yes,Yes,Yes,Yes,Yes,Yes,Yes,Yes,Yes,Yes,Yes,Yes,Yes,Yes,Yes,Yes,Yes,Yes,Yes,Yes
Intel® Speed Select Technology - Performance Profile,,,,,,,,,,,,,No,No,No,No,No,No,No,No,Yes,No,No,No,No,No,No,No,No,Yes,,,,,No,No,No,No,,,,,,,,,,,,,,,,,Yes,,,,,,Yes,,Yes,,,,,Yes,,,,Yes,,,,,,Yes,Yes,Yes,,,,Yes,,
Intel® Speed Select Technology - Base Frequency,,,,,,,,,,,,,No,No,No,No,No,No,No,No,No,No,No,No,No,No,No,No,No,No,,,,,No,No,No,No,,,,,,,,,,,,,,,,Yes,Yes,Yes,Yes,Yes,Yes,,Yes,,,Yes,Yes,Yes,Yes,Yes,Yes,Yes,Yes,Yes,Yes,Yes,Yes,Yes,Yes,Yes,Yes,Yes,Yes,Yes,Yes,Yes,,
Intel® Resource Director Technology (Intel® RDT),,,,,,,,,,,,,Yes,Yes,Yes,Yes,Yes,Yes,Yes,Yes,Yes,Yes,Yes,Yes,Yes,Yes,Yes,Yes,Yes,Yes,,,,,Yes,Yes,Yes,Yes,Yes,Yes,Yes,Yes,Yes,Yes,Yes,Yes,Yes,Yes,Yes,Yes,Yes,Yes,Yes,Yes,Yes,Yes,Yes,Yes,Yes,Yes,Yes,Yes,Yes,Yes,Yes,Yes,Yes,Yes,Yes,Yes,Yes,Yes,Yes,Yes,Yes,Yes,Yes,Yes,Yes,Yes,Yes,Yes,Yes,Yes,Yes,Yes
Intel® Speed Select Technology – Core Power,,,,,,,,,,,,,,,,,,,,,,,,,,,,,,,,,,,,,,,,,Yes,,Yes,Yes,,,,,,,,,,Yes,Yes,Yes,Yes,Yes,Yes,Yes,Yes,Yes,Yes,Yes,Yes,Yes,Yes,Yes,Yes,Yes,Yes,Yes,Yes,Yes,Yes,Yes,Yes,Yes,Yes,Yes,Yes,Yes,Yes,Yes,Yes,Yes
Intel® Speed Select Technology – Turbo Frequency,,,,,,,,,,,,,,,,,,,,,,,,,,,,,,,,,,,,,,,,,Yes,,Yes,Yes,,,,,,,,,,Yes,Yes,Yes,Yes,Yes,Yes,Yes,Yes,Yes,Yes,Yes,Yes,Yes,Yes,Yes,Yes,Yes,Yes,Yes,Yes,Yes,Yes,Yes,Yes,Yes,Yes,Yes,Yes,Yes,Yes,Yes,Yes,Yes
,,,,,,,,,,,,,,,,,,,,,,,,,,,,,,,,,,,,,,,,,,,,,,,,,,,,,,,,,,,,,,,,,,,,,,,,,,,,,,,,,,,,,,
,,,,,,,,,,,,,,,,,,,,,,,,,,,,,,,,,,,,,,,,,,,,,,,,,,,,,,,,,,,,,,,,,,,,,,,,,,,,,,,,,,,,,,
Intel vPro® Platform Eligibility ‡,Yes,Yes,Yes,Yes,Yes,Yes,Yes,Yes,Yes,Yes,Yes,Yes,Yes,Yes,Yes,Yes,Yes,Yes,Yes,Yes,Yes,Yes,Yes,Yes,Yes,Yes,Yes,Yes,Yes,Yes,,,,,Yes,Yes,Yes,Yes,,,,,,,,,,,,,,,,,,,,,,,,,,,,,,,,,,,,,,,,,,,,,,,,
Intel® AES New Instructions,Yes,Yes,Yes,Yes,Yes,Yes,Yes,Yes,Yes,Yes,Yes,Yes,Yes,Yes,Yes,Yes,Yes,Yes,Yes,Yes,Yes,Yes,Yes,Yes,Yes,Yes,Yes,Yes,Yes,Yes,,,,,Yes,Yes,Yes,Yes,Yes,Yes,Yes,Yes,Yes,Yes,Yes,Yes,Yes,Yes,Yes,Yes,Yes,Yes,Yes,Yes,Yes,Yes,Yes,Yes,Yes,Yes,Yes,Yes,Yes,Yes,Yes,Yes,Yes,Yes,Yes,Yes,Yes,Yes,Yes,Yes,Yes,Yes,Yes,Yes,Yes,Yes,Yes,Yes,Yes,Yes,Yes,Yes
Intel® Trusted Execution Technology ‡,Yes,Yes,Yes,Yes,Yes,Yes,Yes,Yes,Yes,Yes,Yes,Yes,Yes,Yes,Yes,Yes,Yes,Yes,Yes,Yes,Yes,Yes,Yes,Yes,Yes,Yes,Yes,Yes,Yes,Yes,Yes,Yes,Yes,Yes,Yes,Yes,Yes,Yes,,,,,,,,,,,,,,,,Yes,Yes,Yes,Yes,Yes,Yes,Yes,Yes,Yes,Yes,Yes,Yes,Yes,Yes,Yes,Yes,Yes,Yes,Yes,Yes,Yes,Yes,Yes,Yes,Yes,Yes,Yes,Yes,Yes,Yes,Yes,Yes,Yes
Execute Disable Bit ‡,Yes,Yes,Yes,Yes,Yes,Yes,Yes,Yes,Yes,Yes,Yes,Yes,Yes,Yes,Yes,Yes,Yes,Yes,Yes,Yes,Yes,Yes,Yes,Yes,Yes,Yes,Yes,Yes,Yes,Yes,,,,,Yes,Yes,Yes,Yes,Yes,Yes,Yes,Yes,Yes,Yes,Yes,Yes,Yes,Yes,Yes,Yes,Yes,Yes,Yes,Yes,Yes,Yes,Yes,Yes,Yes,Yes,Yes,Yes,Yes,Yes,Yes,Yes,Yes,Yes,Yes,Yes,Yes,Yes,Yes,Yes,Yes,Yes,Yes,Yes,Yes,Yes,Yes,Yes,Yes,Yes,Yes,Yes
Intel® Run Sure Technology,Yes,Yes,Yes,Yes,Yes,Yes,Yes,Yes,Yes,Yes,Yes,Yes,Yes,Yes,Yes,Yes,Yes,Yes,Yes,Yes,Yes,Yes,Yes,No,No,No,No,No,No,No,Yes,Yes,Yes,Yes,No,No,No,No,Yes,Yes,Yes,Yes,Yes,Yes,Yes,Yes,Yes,Yes,Yes,Yes,Yes,Yes,Yes,Yes,Yes,Yes,Yes,Yes,Yes,Yes,Yes,Yes,Yes,Yes,Yes,Yes,Yes,Yes,Yes,Yes,Yes,Yes,Yes,Yes,Yes,Yes,Yes,Yes,Yes,Yes,Yes,Yes,Yes,Yes,Yes,Yes
Mode-based Execute Control (MBEC),Yes,Yes,Yes,Yes,Yes,Yes,Yes,Yes,Yes,Yes,Yes,Yes,Yes,Yes,Yes,Yes,Yes,Yes,Yes,Yes,Yes,Yes,Yes,Yes,Yes,Yes,Yes,Yes,Yes,Yes,Yes,Yes,Yes,Yes,Yes,Yes,Yes,Yes,Yes,Yes,Yes,Yes,Yes,Yes,Yes,Yes,Yes,Yes,Yes,Yes,Yes,Yes,Yes,Yes,Yes,Yes,Yes,Yes,Yes,Yes,Yes,Yes,Yes,Yes,Yes,Yes,Yes,Yes,Yes,Yes,Yes,Yes,Yes,Yes,Yes,Yes,Yes,Yes,Yes,Yes,Yes,Yes,Yes,Yes,Yes,Yes
Intel® Virtualization Technology (VT-x) ‡,Yes,Yes,Yes,Yes,Yes,Yes,Yes,Yes,Yes,Yes,Yes,Yes,Yes,Yes,Yes,Yes,Yes,Yes,Yes,Yes,Yes,Yes,Yes,Yes,Yes,Yes,Yes,Yes,Yes,Yes,Yes,Yes,Yes,Yes,Yes,Yes,Yes,Yes,Yes,Yes,Yes,Yes,Yes,Yes,Yes,Yes,Yes,Yes,Yes,Yes,Yes,Yes,Yes,Yes,Yes,Yes,Yes,Yes,Yes,Yes,Yes,Yes,Yes,Yes,Yes,Yes,Yes,Yes,Yes,Yes,Yes,Yes,Yes,Yes,Yes,Yes,Yes,Yes,Yes,Yes,Yes,Yes,Yes,Yes,Yes,Yes
Intel® Virtualization Technology for Directed I/O (VT-d) ‡,Yes,Yes,Yes,Yes,Yes,Yes,Yes,Yes,Yes,Yes,Yes,Yes,Yes,Yes,Yes,Yes,Yes,Yes,Yes,Yes,Yes,Yes,Yes,Yes,Yes,Yes,Yes,Yes,Yes,Yes,,,,,Yes,Yes,Yes,Yes,Yes,Yes,Yes,Yes,Yes,Yes,Yes,Yes,Yes,Yes,Yes,Yes,Yes,Yes,Yes,Yes,Yes,Yes,Yes,Yes,Yes,Yes,Yes,Yes,Yes,Yes,Yes,Yes,Yes,Yes,Yes,Yes,Yes,Yes,Yes,Yes,Yes,Yes,Yes,Yes,Yes,Yes,Yes,Yes,Yes,Yes,Yes,Yes
Intel® VT-x with Extended Page Tables (EPT) ‡,Yes,Yes,Yes,Yes,Yes,Yes,Yes,Yes,Yes,Yes,Yes,Yes,Yes,Yes,Yes,Yes,Yes,Yes,Yes,Yes,Yes,Yes,Yes,Yes,Yes,Yes,Yes,Yes,Yes,Yes,,,,,Yes,Yes,Yes,Yes,Yes,Yes,Yes,Yes,Yes,Yes,Yes,Yes,Yes,Yes,Yes,Yes,Yes,Yes,Yes,Yes,Yes,Yes,Yes,Yes,Yes,Yes,Yes,Yes,Yes,Yes,Yes,Yes,Yes,Yes,Yes,Yes,Yes,Yes,Yes,Yes,Yes,Yes,Yes,Yes,Yes,Yes,Yes,Yes,Yes,Yes,Yes,Yes
Intel® Software Guard Extensions (Intel® SGX),,,,,,,,,,,,,,,,,,,,,,,,,,,,,,,,,,,,,,,,,,,,,,,,,,,,,,Yes with Intel® SPS,Yes with Intel® SPS,Yes with Intel® SPS,Yes with Intel® SPS,Yes with Intel® SPS,Yes with Intel® SPS,Yes with Intel® SPS,Yes with Intel® SPS,Yes with Intel® SPS,Yes with Intel® SPS,Yes with Intel® SPS,Yes with Intel® SPS,Yes with Intel® SPS,Yes with Intel® SPS,Yes with Intel® SPS,Yes with Intel® SPS,Yes with Intel® SPS,Yes with Intel® SPS,Yes with Intel® SPS,Yes with Intel® SPS,Yes with Intel® SPS,Yes with Intel® SPS,Yes with Intel® SPS,Yes with Intel® SPS,Yes with Intel® SPS,Yes with Intel® SPS,Yes with Intel® SPS,Yes with Intel® SPS,Yes with Intel® SPS,Yes with Intel® SPS,Yes with Intel® SPS,Yes with Intel® SPS,Yes with Intel® SPS
Intel® Total Memory Encryption,,,,,,,,,,,,,,,,,,,,,,,,,,,,,,,,,,,,,,,,,,,,,,,,,,,,,,Yes,Yes,Yes,Yes,Yes,Yes,Yes,Yes,Yes,Yes,Yes,Yes,Yes,Yes,Yes,Yes,Yes,Yes,Yes,Yes,Yes,Yes,Yes,Yes,Yes,Yes,Yes,Yes,Yes,Yes,Yes,Yes,Yes
Intel® Platform Firmware Resilience Support,,,,,,,,,,,,,,,,,,,,,,,,,,,,,,,,,,,,,,,,,,,,,,,,,,,,,,Yes,Yes,Yes,Yes,Yes,Yes,Yes,Yes,Yes,Yes,Yes,Yes,Yes,Yes,Yes,Yes,Yes,Yes,Yes,Yes,Yes,Yes,Yes,Yes,Yes,Yes,Yes,Yes,Yes,Yes,Yes,Yes,Yes
Maximum Enclave Size Support for Intel® SGX,,,,,,,,,,,,,,,,,,,,,,,,,,,,,,,,,,,,,,,,,,,,,,,,,,,,,,64 GB,64 GB,64 GB,64 GB,512 GB,64 GB,512 GB,512 GB,8 GB,8 GB,512 GB,64 GB,64 GB,64 GB,64 GB,64 GB,64 GB,64 GB,64 GB,64 GB,64 GB,64 GB,64 GB,64 GB,512 GB,64 GB,64 GB,64 GB,64 GB,64 GB,64 GB,64 GB,64 GB
Intel® Crypto Acceleration,,,,,,,,,,,,,,,,,,,,,,,,,,,,,,,,,,,,,,,,,,,,,,,,,,,,,,Yes,Yes,Yes,Yes,Yes,Yes,Yes,Yes,Yes,Yes,Yes,Yes,Yes,Yes,Yes,Yes,Yes,Yes,Yes,Yes,Yes,Yes,Yes,Yes,Yes,Yes,Yes,Yes,Yes,Yes,Yes,Yes,Yes